time,message,service
2026-01-03T00:00:00Z,GET /api/orders status 200 in 14 ms,web
2026-01-03T00:00:00Z,GET /api/orders status 200 in 14 ms,web
2026-01-03T00:00:00Z,GET /api/orders status 200 in 14 ms,web
2026-01-03T00:00:00Z,GET /api/orders status 200 in 14 ms,web
2026-01-03T00:00:00Z,cache hit for key user-77,cache
2026-01-03T00:00:00Z,cache hit for key user-77,cache
2026-01-03T00:01:00Z,GET /api/orders status 200 in 14 ms,web
2026-01-03T00:01:00Z,GET /api/orders status 200 in 14 ms,web
2026-01-03T00:01:00Z,GET /api/orders status 200 in 14 ms,web
2026-01-03T00:01:00Z,GET /api/orders status 200 in 14 ms,web
2026-01-03T00:01:00Z,cache hit for key user-77,cache
2026-01-03T00:01:00Z,cache hit for key user-77,cache
2026-01-03T00:02:00Z,GET /api/orders status 200 in 14 ms,web
2026-01-03T00:02:00Z,GET /api/orders status 200 in 14 ms,web
2026-01-03T00:02:00Z,GET /api/orders status 200 in 14 ms,web
2026-01-03T00:02:00Z,GET /api/orders status 200 in 14 ms,web
2026-01-03T00:02:00Z,cache hit for key user-77,cache
2026-01-03T00:02:00Z,cache hit for key user-77,cache
2026-01-03T00:03:00Z,GET /api/orders status 200 in 14 ms,web
2026-01-03T00:03:00Z,GET /api/orders status 200 in 14 ms,web
2026-01-03T00:03:00Z,GET /api/orders status 200 in 14 ms,web
2026-01-03T00:03:00Z,GET /api/orders status 200 in 14 ms,web
2026-01-03T00:03:00Z,cache hit for key user-77,cache
2026-01-03T00:03:00Z,cache hit for key user-77,cache
2026-01-03T00:04:00Z,GET /api/orders status 200 in 14 ms,web
2026-01-03T00:04:00Z,GET /api/orders status 200 in 14 ms,web
2026-01-03T00:04:00Z,GET /api/orders status 200 in 14 ms,web
2026-01-03T00:04:00Z,GET /api/orders status 200 in 14 ms,web
2026-01-03T00:04:00Z,cache hit for key user-77,cache
2026-01-03T00:04:00Z,cache hit for key user-77,cache
2026-01-03T00:05:00Z,GET /api/orders status 200 in 14 ms,web
2026-01-03T00:05:00Z,GET /api/orders status 200 in 14 ms,web
2026-01-03T00:05:00Z,GET /api/orders status 200 in 14 ms,web
2026-01-03T00:05:00Z,GET /api/orders status 200 in 14 ms,web
2026-01-03T00:05:00Z,cache hit for key user-77,cache
2026-01-03T00:05:00Z,cache hit for key user-77,cache
2026-01-03T00:06:00Z,GET /api/orders status 200 in 14 ms,web
2026-01-03T00:06:00Z,GET /api/orders status 200 in 14 ms,web
2026-01-03T00:06:00Z,GET /api/orders status 200 in 14 ms,web
2026-01-03T00:06:00Z,GET /api/orders status 200 in 14 ms,web
2026-01-03T00:06:00Z,cache hit for key user-77,cache
2026-01-03T00:06:00Z,cache hit for key user-77,cache
2026-01-03T00:07:00Z,GET /api/orders status 200 in 14 ms,web
2026-01-03T00:07:00Z,GET /api/orders status 200 in 14 ms,web
2026-01-03T00:07:00Z,GET /api/orders status 200 in 14 ms,web
2026-01-03T00:07:00Z,GET /api/orders status 200 in 14 ms,web
2026-01-03T00:07:00Z,cache hit for key user-77,cache
2026-01-03T00:07:00Z,cache hit for key user-77,cache
2026-01-03T00:08:00Z,GET /api/orders status 200 in 14 ms,web
2026-01-03T00:08:00Z,GET /api/orders status 200 in 14 ms,web
2026-01-03T00:08:00Z,GET /api/orders status 200 in 14 ms,web
2026-01-03T00:08:00Z,GET /api/orders status 200 in 14 ms,web
2026-01-03T00:08:00Z,cache hit for key user-77,cache
2026-01-03T00:08:00Z,cache hit for key user-77,cache
2026-01-03T00:09:00Z,GET /api/orders status 200 in 14 ms,web
2026-01-03T00:09:00Z,GET /api/orders status 200 in 14 ms,web
2026-01-03T00:09:00Z,GET /api/orders status 200 in 14 ms,web
2026-01-03T00:09:00Z,GET /api/orders status 200 in 14 ms,web
2026-01-03T00:09:00Z,cache hit for key user-77,cache
2026-01-03T00:09:00Z,cache hit for key user-77,cache
2026-01-03T00:10:00Z,GET /api/orders status 200 in 14 ms,web
2026-01-03T00:10:00Z,GET /api/orders status 200 in 14 ms,web
2026-01-03T00:10:00Z,GET /api/orders status 200 in 14 ms,web
2026-01-03T00:10:00Z,GET /api/orders status 200 in 14 ms,web
2026-01-03T00:10:00Z,cache hit for key user-77,cache
2026-01-03T00:10:00Z,cache hit for key user-77,cache
2026-01-03T00:11:00Z,GET /api/orders status 200 in 14 ms,web
2026-01-03T00:11:00Z,GET /api/orders status 200 in 14 ms,web
2026-01-03T00:11:00Z,GET /api/orders status 200 in 14 ms,web
2026-01-03T00:11:00Z,GET /api/orders status 200 in 14 ms,web
2026-01-03T00:11:00Z,cache hit for key user-77,cache
2026-01-03T00:11:00Z,cache hit for key user-77,cache
2026-01-03T00:12:00Z,GET /api/orders status 200 in 14 ms,web
2026-01-03T00:12:00Z,GET /api/orders status 200 in 14 ms,web
2026-01-03T00:12:00Z,GET /api/orders status 200 in 14 ms,web
2026-01-03T00:12:00Z,GET /api/orders status 200 in 14 ms,web
2026-01-03T00:12:00Z,cache hit for key user-77,cache
2026-01-03T00:12:00Z,cache hit for key user-77,cache
2026-01-03T00:13:00Z,GET /api/orders status 200 in 14 ms,web
2026-01-03T00:13:00Z,GET /api/orders status 200 in 14 ms,web
2026-01-03T00:13:00Z,GET /api/orders status 200 in 14 ms,web
2026-01-03T00:13:00Z,GET /api/orders status 200 in 14 ms,web
2026-01-03T00:13:00Z,cache hit for key user-77,cache
2026-01-03T00:13:00Z,cache hit for key user-77,cache
2026-01-03T00:14:00Z,GET /api/orders status 200 in 14 ms,web
2026-01-03T00:14:00Z,GET /api/orders status 200 in 14 ms,web
2026-01-03T00:14:00Z,GET /api/orders status 200 in 14 ms,web
2026-01-03T00:14:00Z,GET /api/orders status 200 in 14 ms,web
2026-01-03T00:14:00Z,cache hit for key user-77,cache
2026-01-03T00:14:00Z,cache hit for key user-77,cache
2026-01-03T00:15:00Z,GET /api/orders status 200 in 14 ms,web
2026-01-03T00:15:00Z,GET /api/orders status 200 in 14 ms,web
2026-01-03T00:15:00Z,GET /api/orders status 200 in 14 ms,web
2026-01-03T00:15:00Z,GET /api/orders status 200 in 14 ms,web
2026-01-03T00:15:00Z,cache hit for key user-77,cache
2026-01-03T00:15:00Z,cache hit for key user-77,cache
2026-01-03T00:16:00Z,GET /api/orders status 200 in 14 ms,web
2026-01-03T00:16:00Z,GET /api/orders status 200 in 14 ms,web
2026-01-03T00:16:00Z,GET /api/orders status 200 in 14 ms,web
2026-01-03T00:16:00Z,GET /api/orders status 200 in 14 ms,web
2026-01-03T00:16:00Z,cache hit for key user-77,cache
2026-01-03T00:16:00Z,cache hit for key user-77,cache
2026-01-03T00:17:00Z,GET /api/orders status 200 in 14 ms,web
2026-01-03T00:17:00Z,GET /api/orders status 200 in 14 ms,web
2026-01-03T00:17:00Z,GET /api/orders status 200 in 14 ms,web
2026-01-03T00:17:00Z,GET /api/orders status 200 in 14 ms,web
2026-01-03T00:17:00Z,cache hit for key user-77,cache
2026-01-03T00:17:00Z,cache hit for key user-77,cache
2026-01-03T00:18:00Z,GET /api/orders status 200 in 14 ms,web
2026-01-03T00:18:00Z,GET /api/orders status 200 in 14 ms,web
2026-01-03T00:18:00Z,GET /api/orders status 200 in 14 ms,web
2026-01-03T00:18:00Z,GET /api/orders status 200 in 14 ms,web
2026-01-03T00:18:00Z,cache hit for key user-77,cache
2026-01-03T00:18:00Z,cache hit for key user-77,cache
2026-01-03T00:19:00Z,GET /api/orders status 200 in 14 ms,web
2026-01-03T00:19:00Z,GET /api/orders status 200 in 14 ms,web
2026-01-03T00:19:00Z,GET /api/orders status 200 in 14 ms,web
2026-01-03T00:19:00Z,GET /api/orders status 200 in 14 ms,web
2026-01-03T00:19:00Z,cache hit for key user-77,cache
2026-01-03T00:19:00Z,cache hit for key user-77,cache
2026-01-03T00:20:00Z,GET /api/orders status 200 in 14 ms,web
2026-01-03T00:20:00Z,GET /api/orders status 200 in 14 ms,web
2026-01-03T00:20:00Z,GET /api/orders status 200 in 14 ms,web
2026-01-03T00:20:00Z,GET /api/orders status 200 in 14 ms,web
2026-01-03T00:20:00Z,cache hit for key user-77,cache
2026-01-03T00:20:00Z,cache hit for key user-77,cache
2026-01-03T00:21:00Z,GET /api/orders status 200 in 14 ms,web
2026-01-03T00:21:00Z,GET /api/orders status 200 in 14 ms,web
2026-01-03T00:21:00Z,GET /api/orders status 200 in 14 ms,web
2026-01-03T00:21:00Z,GET /api/orders status 200 in 14 ms,web
2026-01-03T00:21:00Z,cache hit for key user-77,cache
2026-01-03T00:21:00Z,cache hit for key user-77,cache
2026-01-03T00:22:00Z,GET /api/orders status 200 in 14 ms,web
2026-01-03T00:22:00Z,GET /api/orders status 200 in 14 ms,web
2026-01-03T00:22:00Z,GET /api/orders status 200 in 14 ms,web
2026-01-03T00:22:00Z,GET /api/orders status 200 in 14 ms,web
2026-01-03T00:22:00Z,cache hit for key user-77,cache
2026-01-03T00:22:00Z,cache hit for key user-77,cache
2026-01-03T00:23:00Z,GET /api/orders status 200 in 14 ms,web
2026-01-03T00:23:00Z,GET /api/orders status 200 in 14 ms,web
2026-01-03T00:23:00Z,GET /api/orders status 200 in 14 ms,web
2026-01-03T00:23:00Z,GET /api/orders status 200 in 14 ms,web
2026-01-03T00:23:00Z,cache hit for key user-77,cache
2026-01-03T00:23:00Z,cache hit for key user-77,cache
2026-01-03T00:24:00Z,GET /api/orders status 200 in 14 ms,web
2026-01-03T00:24:00Z,GET /api/orders status 200 in 14 ms,web
2026-01-03T00:24:00Z,GET /api/orders status 200 in 14 ms,web
2026-01-03T00:24:00Z,GET /api/orders status 200 in 14 ms,web
2026-01-03T00:24:00Z,cache hit for key user-77,cache
2026-01-03T00:24:00Z,cache hit for key user-77,cache
2026-01-03T00:25:00Z,GET /api/orders status 200 in 14 ms,web
2026-01-03T00:25:00Z,GET /api/orders status 200 in 14 ms,web
2026-01-03T00:25:00Z,GET /api/orders status 200 in 14 ms,web
2026-01-03T00:25:00Z,GET /api/orders status 200 in 14 ms,web
2026-01-03T00:25:00Z,cache hit for key user-77,cache
2026-01-03T00:25:00Z,cache hit for key user-77,cache
2026-01-03T00:26:00Z,GET /api/orders status 200 in 14 ms,web
2026-01-03T00:26:00Z,GET /api/orders status 200 in 14 ms,web
2026-01-03T00:26:00Z,GET /api/orders status 200 in 14 ms,web
2026-01-03T00:26:00Z,GET /api/orders status 200 in 14 ms,web
2026-01-03T00:26:00Z,cache hit for key user-77,cache
2026-01-03T00:26:00Z,cache hit for key user-77,cache
2026-01-03T00:27:00Z,GET /api/orders status 200 in 14 ms,web
2026-01-03T00:27:00Z,GET /api/orders status 200 in 14 ms,web
2026-01-03T00:27:00Z,GET /api/orders status 200 in 14 ms,web
2026-01-03T00:27:00Z,GET /api/orders status 200 in 14 ms,web
2026-01-03T00:27:00Z,cache hit for key user-77,cache
2026-01-03T00:27:00Z,cache hit for key user-77,cache
2026-01-03T00:28:00Z,GET /api/orders status 200 in 14 ms,web
2026-01-03T00:28:00Z,GET /api/orders status 200 in 14 ms,web
2026-01-03T00:28:00Z,GET /api/orders status 200 in 14 ms,web
2026-01-03T00:28:00Z,GET /api/orders status 200 in 14 ms,web
2026-01-03T00:28:00Z,cache hit for key user-77,cache
2026-01-03T00:28:00Z,cache hit for key user-77,cache
2026-01-03T00:29:00Z,GET /api/orders status 200 in 14 ms,web
2026-01-03T00:29:00Z,GET /api/orders status 200 in 14 ms,web
2026-01-03T00:29:00Z,GET /api/orders status 200 in 14 ms,web
2026-01-03T00:29:00Z,GET /api/orders status 200 in 14 ms,web
2026-01-03T00:29:00Z,cache hit for key user-77,cache
2026-01-03T00:29:00Z,cache hit for key user-77,cache
2026-01-03T00:30:00Z,GET /api/orders status 200 in 14 ms,web
2026-01-03T00:30:00Z,GET /api/orders status 200 in 14 ms,web
2026-01-03T00:30:00Z,GET /api/orders status 200 in 14 ms,web
2026-01-03T00:30:00Z,GET /api/orders status 200 in 14 ms,web
2026-01-03T00:30:00Z,cache hit for key user-77,cache
2026-01-03T00:30:00Z,cache hit for key user-77,cache
2026-01-03T00:31:00Z,GET /api/orders status 200 in 14 ms,web
2026-01-03T00:31:00Z,GET /api/orders status 200 in 14 ms,web
2026-01-03T00:31:00Z,GET /api/orders status 200 in 14 ms,web
2026-01-03T00:31:00Z,GET /api/orders status 200 in 14 ms,web
2026-01-03T00:31:00Z,cache hit for key user-77,cache
2026-01-03T00:31:00Z,cache hit for key user-77,cache
2026-01-03T00:32:00Z,GET /api/orders status 200 in 14 ms,web
2026-01-03T00:32:00Z,GET /api/orders status 200 in 14 ms,web
2026-01-03T00:32:00Z,GET /api/orders status 200 in 14 ms,web
2026-01-03T00:32:00Z,GET /api/orders status 200 in 14 ms,web
2026-01-03T00:32:00Z,cache hit for key user-77,cache
2026-01-03T00:32:00Z,cache hit for key user-77,cache
2026-01-03T00:33:00Z,GET /api/orders status 200 in 14 ms,web
2026-01-03T00:33:00Z,GET /api/orders status 200 in 14 ms,web
2026-01-03T00:33:00Z,GET /api/orders status 200 in 14 ms,web
2026-01-03T00:33:00Z,GET /api/orders status 200 in 14 ms,web
2026-01-03T00:33:00Z,cache hit for key user-77,cache
2026-01-03T00:33:00Z,cache hit for key user-77,cache
2026-01-03T00:34:00Z,GET /api/orders status 200 in 14 ms,web
2026-01-03T00:34:00Z,GET /api/orders status 200 in 14 ms,web
2026-01-03T00:34:00Z,GET /api/orders status 200 in 14 ms,web
2026-01-03T00:34:00Z,GET /api/orders status 200 in 14 ms,web
2026-01-03T00:34:00Z,cache hit for key user-77,cache
2026-01-03T00:34:00Z,cache hit for key user-77,cache
2026-01-03T00:35:00Z,GET /api/orders status 200 in 14 ms,web
2026-01-03T00:35:00Z,GET /api/orders status 200 in 14 ms,web
2026-01-03T00:35:00Z,GET /api/orders status 200 in 14 ms,web
2026-01-03T00:35:00Z,GET /api/orders status 200 in 14 ms,web
2026-01-03T00:35:00Z,cache hit for key user-77,cache
2026-01-03T00:35:00Z,cache hit for key user-77,cache
2026-01-03T00:36:00Z,GET /api/orders status 200 in 14 ms,web
2026-01-03T00:36:00Z,GET /api/orders status 200 in 14 ms,web
2026-01-03T00:36:00Z,GET /api/orders status 200 in 14 ms,web
2026-01-03T00:36:00Z,GET /api/orders status 200 in 14 ms,web
2026-01-03T00:36:00Z,cache hit for key user-77,cache
2026-01-03T00:36:00Z,cache hit for key user-77,cache
2026-01-03T00:37:00Z,GET /api/orders status 200 in 14 ms,web
2026-01-03T00:37:00Z,GET /api/orders status 200 in 14 ms,web
2026-01-03T00:37:00Z,GET /api/orders status 200 in 14 ms,web
2026-01-03T00:37:00Z,GET /api/orders status 200 in 14 ms,web
2026-01-03T00:37:00Z,cache hit for key user-77,cache
2026-01-03T00:37:00Z,cache hit for key user-77,cache
2026-01-03T00:38:00Z,GET /api/orders status 200 in 14 ms,web
2026-01-03T00:38:00Z,GET /api/orders status 200 in 14 ms,web
2026-01-03T00:38:00Z,GET /api/orders status 200 in 14 ms,web
2026-01-03T00:38:00Z,GET /api/orders status 200 in 14 ms,web
2026-01-03T00:38:00Z,cache hit for key user-77,cache
2026-01-03T00:38:00Z,cache hit for key user-77,cache
2026-01-03T00:39:00Z,GET /api/orders status 200 in 14 ms,web
2026-01-03T00:39:00Z,GET /api/orders status 200 in 14 ms,web
2026-01-03T00:39:00Z,GET /api/orders status 200 in 14 ms,web
2026-01-03T00:39:00Z,GET /api/orders status 200 in 14 ms,web
2026-01-03T00:39:00Z,cache hit for key user-77,cache
2026-01-03T00:39:00Z,cache hit for key user-77,cache
2026-01-03T00:34:00Z,ERROR database connection refused to 10.2.3.4,web
2026-01-03T00:34:00Z,ERROR database connection refused to 10.2.3.4,web
2026-01-03T00:34:00Z,ERROR database connection refused to 10.2.3.4,web
2026-01-03T00:34:00Z,ERROR database connection refused to 10.2.3.4,web
2026-01-03T00:34:00Z,ERROR database connection refused to 10.2.3.4,web
2026-01-03T00:35:00Z,GET /api/orders status 200 in 9 ms,web
2026-01-03T00:35:00Z,GET /api/orders status 200 in 9 ms,web
2026-01-03T00:35:00Z,GET /api/orders status 200 in 9 ms,web
2026-01-03T00:35:00Z,GET /api/orders status 200 in 9 ms,web
2026-01-03T00:35:00Z,GET /api/orders status 200 in 9 ms,web
2026-01-03T00:35:00Z,GET /api/orders status 200 in 9 ms,web
2026-01-03T00:35:00Z,GET /api/orders status 200 in 9 ms,web
2026-01-03T00:35:00Z,GET /api/orders status 200 in 9 ms,web
2026-01-03T00:35:00Z,GET /api/orders status 200 in 9 ms,web
2026-01-03T00:35:00Z,GET /api/orders status 200 in 9 ms,web
2026-01-03T00:35:00Z,GET /api/orders status 200 in 9 ms,web
2026-01-03T00:35:00Z,GET /api/orders status 200 in 9 ms,web
2026-01-03T00:35:00Z,GET /api/orders status 200 in 9 ms,web
2026-01-03T00:35:00Z,GET /api/orders status 200 in 9 ms,web
2026-01-03T00:35:00Z,GET /api/orders status 200 in 9 ms,web
2026-01-03T00:35:00Z,GET /api/orders status 200 in 9 ms,web
2026-01-03T00:35:00Z,GET /api/orders status 200 in 9 ms,web
2026-01-03T00:35:00Z,GET /api/orders status 200 in 9 ms,web
2026-01-03T00:35:00Z,GET /api/orders status 200 in 9 ms,web
2026-01-03T00:35:00Z,GET /api/orders status 200 in 9 ms,web
2026-01-03T00:35:00Z,GET /api/orders status 200 in 9 ms,web
2026-01-03T00:35:00Z,GET /api/orders status 200 in 9 ms,web
2026-01-03T00:35:00Z,GET /api/orders status 200 in 9 ms,web
2026-01-03T00:35:00Z,GET /api/orders status 200 in 9 ms,web
2026-01-03T00:35:00Z,GET /api/orders status 200 in 9 ms,web
2026-01-03T00:35:00Z,GET /api/orders status 200 in 9 ms,web
2026-01-03T00:35:00Z,GET /api/orders status 200 in 9 ms,web
2026-01-03T00:35:00Z,GET /api/orders status 200 in 9 ms,web
2026-01-03T00:35:00Z,GET /api/orders status 200 in 9 ms,web
2026-01-03T00:35:00Z,GET /api/orders status 200 in 9 ms,web
2026-01-03T00:35:00Z,GET /api/orders status 200 in 9 ms,web
2026-01-03T00:35:00Z,GET /api/orders status 200 in 9 ms,web
2026-01-03T00:35:00Z,GET /api/orders status 200 in 9 ms,web
2026-01-03T00:35:00Z,GET /api/orders status 200 in 9 ms,web
2026-01-03T00:35:00Z,GET /api/orders status 200 in 9 ms,web
2026-01-03T00:35:00Z,GET /api/orders status 200 in 9 ms,web
2026-01-03T00:35:00Z,GET /api/orders status 200 in 9 ms,web
2026-01-03T00:35:00Z,GET /api/orders status 200 in 9 ms,web
2026-01-03T00:35:00Z,GET /api/orders status 200 in 9 ms,web
2026-01-03T00:35:00Z,GET /api/orders status 200 in 9 ms,web
2026-01-03T00:35:00Z,GET /api/orders status 200 in 9 ms,web
2026-01-03T00:35:00Z,GET /api/orders status 200 in 9 ms,web
2026-01-03T00:35:00Z,GET /api/orders status 200 in 9 ms,web
2026-01-03T00:35:00Z,GET /api/orders status 200 in 9 ms,web
2026-01-03T00:35:00Z,GET /api/orders status 200 in 9 ms,web
2026-01-03T00:35:00Z,GET /api/orders status 200 in 9 ms,web
2026-01-03T00:35:00Z,GET /api/orders status 200 in 9 ms,web
2026-01-03T00:35:00Z,GET /api/orders status 200 in 9 ms,web
2026-01-03T00:35:00Z,GET /api/orders status 200 in 9 ms,web
2026-01-03T00:35:00Z,GET /api/orders status 200 in 9 ms,web
2026-01-03T00:35:00Z,GET /api/orders status 200 in 9 ms,web
2026-01-03T00:35:00Z,GET /api/orders status 200 in 9 ms,web
2026-01-03T00:35:00Z,GET /api/orders status 200 in 9 ms,web
2026-01-03T00:35:00Z,GET /api/orders status 200 in 9 ms,web
2026-01-03T00:35:00Z,GET /api/orders status 200 in 9 ms,web
2026-01-03T00:35:00Z,GET /api/orders status 200 in 9 ms,web
2026-01-03T00:35:00Z,GET /api/orders status 200 in 9 ms,web
2026-01-03T00:35:00Z,GET /api/orders status 200 in 9 ms,web
2026-01-03T00:35:00Z,GET /api/orders status 200 in 9 ms,web
2026-01-03T00:35:00Z,GET /api/orders status 200 in 9 ms,web
2026-01-03T00:35:00Z,GET /api/orders status 200 in 9 ms,web
2026-01-03T00:35:00Z,GET /api/orders status 200 in 9 ms,web
2026-01-03T00:35:00Z,GET /api/orders status 200 in 9 ms,web
2026-01-03T00:35:00Z,GET /api/orders status 200 in 9 ms,web
2026-01-03T00:35:00Z,GET /api/orders status 200 in 9 ms,web
2026-01-03T00:35:00Z,GET /api/orders status 200 in 9 ms,web
2026-01-03T00:35:00Z,GET /api/orders status 200 in 9 ms,web
2026-01-03T00:35:00Z,GET /api/orders status 200 in 9 ms,web
2026-01-03T00:35:00Z,GET /api/orders status 200 in 9 ms,web
2026-01-03T00:35:00Z,GET /api/orders status 200 in 9 ms,web
